{
  "train_losses": [
    0.28338385345424494,
    0.1694065065007236,
    0.09096226204303348,
    0.1861517420592575,
    0.12393696254494307
  ],
  "val_losses": [
    0.11612840035972609,
    0.05077273552358912,
    0.17735749189713798,
    0.17950499781661414,
    0.048139463053096486
  ],
  "val_accuracies": [
    97.1264367816092,
    99.42528735632185,
    97.70114942528735,
    90.22988505747126,
    98.85057471264368
  ],
  "learning_rates": [
    0.001,
    0.001,
    0.001,
    0.001,
    0.001
  ],
  "best_val_accuracy": 99.42528735632185,
  "best_epoch": 1,
  "training_time": 726.0680377483368,
  "total_epochs": 5
}