{
  "accuracy": 0.896551724137931,
  "precision_weighted": 0.9408866995073892,
  "recall_weighted": 0.896551724137931,
  "f1_weighted": 0.907356766491029,
  "precision_per_class": [
    1.0,
    0.5714285714285714
  ],
  "recall_per_class": [
    0.88,
    1.0
  ],
  "f1_per_class": [
    0.9361702127659575,
    0.7272727272727273
  ],
  "roc_auc": 1.0,
  "confusion_matrix": [
    [
      132,
      18
    ],
    [
      0,
      24
    ]
  ],
  "fpr": [
    0.0,
    0.0,
    0.0,
    1.0
  ],
  "tpr": [
    0.0,
    0.625,
    1.0,
    1.0
  ]
}